médico, profissões
palhaço, profissões
ratatouille, filmes, comidas
maçã, comidas
leão, animais, signos do zodíaco
peixe, comidas, animais, signos do zodíaco
chocolate com pimenta, séries de tv/novelas, comidas
cavalo-marinho, animais
são paulo, estados do brasil, times de futebol
laranja, comidas, cores
flamengo, times de futebol
bahia, estados do brasil, times de futebol
engenheiro, profissões
advogado, profissões
professor, profissões
enfermeiro, profissões
contador, profissões
psicólogo, profissões
arquiteto, profissões
programador, profissões
jornalista, profissões
dentista, profissões
farmacêutico, profissões
designer gráfico, profissões
chef de cozinha, profissões
assistente social, profissões
economista, profissões
fisioterapeuta, profissões
biólogo, profissões
piloto de avião, profissões
engenheiro de software, profissões
paleontólogo, profissões
pizza, comidas
sushi, comidas
lasanha, comidas
churrasco, comidas
feijoada, comidas
taco, comidas
hambúrguer, comidas, filmes
paella, comidas
risoto, comidas
coxinha, comidas
empanada, comidas
rio de janeiro, filmes, estados do brasil
maçã, comidas
chocolate com pimenta, séries de tv/novelas, comidas
rosa, cores
touro, animais, signos do zodíaco
escorpião, animais, signos do zodíaco
espanha, países
mosquito da dengue, animais
protozoário, animais
gavião-quiriquiqui, animais
aranha caranguejeira, animais
axolote, animais
pichiciego-menor, animais
tubarão doende, animais
tubarão, filmes, animais
zebra, animais
golfinho, animais
canguru, animais
pinguim, animais
águia, animais
jacaré, animais
rinoceronte, animais
gorila, animais
koala, animais
flamingo, animais
hipopótamo, animais
panda, animais, filmes
camelo, animais
áries, signos do zodíaco
gêmeos, signos do zodíaco
câncer, signos do zodíaco
virgem, signos do zodíaco
libra, signos do zodíaco
sagitário, signos do zodíaco
capricórnio, signos do zodíaco, animais
aquário, signos do zodíaco
vermelho,
azul, cores
verde, cores
amarelo, cores
roxo, cores
marrom, cores
preto, cores
branco, cores
cinza, cores
violeta, cores
dourado, cores
prateado, cores
turquesa, cores
bege, cores
magenta, cores
índigo, cores
coral, cores, animais
ciano, cores
star wars, filmes
o poderoso chefão, filmes
senhor dos anéis, filmes
harry potter, filmes
matrix, filmes
interestelar, filmes
o rei leão, filmes
jurassic park, filmes
clube da luta, filmes
forrest gump, filmes
pulp fiction, filmes
avatar, filmes
titanic, filmes
vingadores, filmes
matrix, filmes
inception, filmes
pantera negra, filmes, animais
o silêncio dos inocentes, filmes
acre, estados do brasil
alagoas, estados do brasil
amapá, estados do brasil
amazonas, estados do brasil
ceará, estados do brasil
espírito santo, estados do brasil
goiás, estados do brasil
maranhão, estados do brasil
mato grosso, estados do brasil
mato grosso do sul, estados do brasil
minas gerais, estados do brasil
pará, estados do brasil
paraíba, estados do brasil
paraná, estados do brasil
pernambuco, estados do brasil
piauí, estados do brasil
rio grande do norte, estados do brasil
rio grande do sul, estados do brasil
rondônia, estados do brasil
roraima, estados do brasil
santa catarina, estados do brasil
sergipe, estados do brasil
tocantins, estados do brasil
roque santeiro, séries de tv/novelas
avenida brasil, séries de tv/novelas
o clone, séries de tv/novelas
a viagem, séries de tv/novelas
tieta, séries de tv/novelas
a indomada, séries de tv/novelas
gabriela, séries de tv/novelas
vale tudo, séries de tv/novelas
a usurpadora, séries de tv/novelas
avenida brasil, séries de tv/novelas
o rei do gado, séries de tv/novelas
a favorita, séries de tv/novelas
senhora do destino, séries de tv/novelas
chocolate com pimenta, séries de tv/novelas
por amor, séries de tv/novelas
o cravo e a rosa, séries de tv/novelas
cordel encantado, séries de tv/novelas
terra nostra, séries de tv/novelas
o bem amado, séries de tv/novelas
a próxima vítima, séries de tv/novelas
friends, séries de tv/novelas,
game of thrones, séries de tv/novelas,
breaking bad, séries de tv/novelas,
the office, séries de tv/novelas,
stranger things, séries de tv/novelas,
the crown, séries de tv/novelas,
black mirror, séries de tv/novelas,
narcos, séries de tv/novelas,
the simpsons, séries de tv/novelas,
the good doctor, séries de tv/novelas,
the big bang theory, séries de tv/novelas,
how i met your mother, séries de tv/novelas,
house of cards, séries de tv/novelas,
friends, séries de tv/novelas,
lost, séries de tv/novelas,
vikings, séries de tv/novelas,
the walking dead, séries de tv/novelas,
mad men, séries de tv/novelas,
revenge, séries de tv/novelas,
the witcher, séries de tv/novelas
estados unidos, países
canadá, países
méxico, países
argentina, países
chile, países
peru, países, animais, comidas
colombia, países
venezuela, países
uruguai, países
equador, países
bolívia, países
paraguai, países
frança, países
itália, países
alemanha, países
reino unido, países
rússia, países
china, países